{
    "description": "parametersfor an adaptive test", 
    "title": "test parameters", 
    "params": {
        "theta_flat": [
            0.642106584052544, 
            1.025313907532014, 
            1.3249222747705047, 
            0.7641262864614259, 
            2.2162598274216867, 
            0.9040566387060852, 
            0.5232997468710072, 
            0.7560788441570925, 
            2.4001246137098122, 
            0.8837243187831548, 
            2.932444488587974, 
            0.7675092354857163, 
            0.48876831034892054, 
            0.21667158679379106, 
            2.6299284650917074, 
            0.6746806445851019, 
            2.4999758421666756, 
            0.2814106969989123, 
            1.201087425086418, 
            0.36216086511692136, 
            0.0, 
            0.0, 
            0.0, 
            0.0, 
            0.0, 
            0.0, 
            0.0, 
            0.0, 
            0.0, 
            0.0, 
            0.0, 
            0.0, 
            0.0, 
            0.0, 
            0.0, 
            0.0, 
            0.0, 
            0.0, 
            0.0, 
            0.0, 
            1.0, 
            1.0, 
            1.0, 
            1.0, 
            1.0, 
            1.0, 
            1.0, 
            1.0, 
            1.0, 
            1.0
        ], 
        "num_abilities": 1, 
        "max_length": 38, 
        "max_time_taken": 1000.0, 
        "exercise_ind_dict": {
            "mixture_control": 0,
"oil_temperature_&_oil_pressure_indicator": 1,
"vacume_guage_and_ammeter": 2,
"altimeter": 3,
"fuel_quantity_indicator": 4,
"turn_coordinator": 5,
"airspeed_indicator": 6,
"directional_gyro": 7,
"attitude_indicator": 8,
"tachometer": 9,
"vertical_speed_indicator": 10,
"annunciator_panel": 11,
"adf_bearing_indicator": 12,
"course_deviation_and_glide_slope_indicator": 13,
"audio_control_panel": 14,
"gps_reciever": 15,
"nav_com_radio_1": 16,
"nav_com_radio_2": 17,
"adf_reciever": 18,
"transponder": 19,
"elt_remote_test_button": 20,
"hour_meter": 21,
"glove_box": 22,
"cabin_heat_control": 23,
"flap_switch_and_position_indicator": 24,
"alternate_static_air_control": 25,
"throttle_control": 26,
"radio_and_panel_dimming_control": 27,
"glareshield_and_pedestal_dimming_control": 28,
"fuel_shutoff_valve_control": 29,
"fuel_selector": 30,
"elevator_trim_control_and_position": 31,
"avionics_master_switch": 32,
"master_switch": 33,
"ignition_switch": 34,
"avionics_circuit_breaker_panel": 35,
"hand_held_microphone": 36,
"12_vdc_power_port": 37,
"parking_break": 38
        }
    }, 
    "slug": "Test", 
    "engine_class": "MIRTEngine"
}